-,0,,
USPS,1,,
UkrPoshta,3,,
Russian Post,4,,
Australia Post Sftp,5,,
eParcel Korea,6,,
China Post,7,,
China EMS (ePacket),8,,
FedEx,9,,
DHL,10,,
Flyt Express,11,,
SF Express,12,,
Belarus Post,13,,
Aliexpress Standard Shipping,14,,
Kazakhstan Post,15,,
UPS,17,,
Singapore Post,18,,
Amazon,19,,
Yanwen,20,,
Finland Post - Posti,21,,
CDEK,22,,
Tea post,23,,
Netherlands Post - PostNL,24,,
SPSR,25,,
Hong Kong Post,26,,
Sweden PostNord,27,,
OMNIVA,28,,
Pos Malaysia - Pos Laju,29,,
Mongol Post,30,,
Deutsche Post,31,,
Eshun International Logistics,32,,
4PX,33,,
ETS Express,34,,
J-NET Express,35,,
Yun Express,36,,
Israel Post,37,,
Sunyou,38,,
Lao Post,39,,
Turkey Post (PTT),40,,
United Kingdom Royal Mail,41,,
Japan Post,42,,
Latvijas pasts (Latvia Post),43,,
Azerpoct,44,,
Ruston,45,,
Uzbekistan Post,46,,
India Post,47,,
Poste Italiane,48,,
Thailand Post,49,,
Swiss Post,50,,
Correos Spain,51,,
Poczta Polska,52,,
Korea Post (우정사업본부),53,,
Lithuania Post,54,,
Direct Link,55,,
Bpost,56,,
TK KIT,57,,
Armenia Post,58,,
Czech Post,59,,
La Poste,60,,
Vietnam Post,61,,
ELTA Hellenic Post,62,,
Bulgaria Post,63,,
Correios,64,,
Taiwan Post,65,,
Parcel Force,66,,
Canada Post,67,,
Portugal Post - CTT,68,,
Ali Business Logistics,69,,
Georgian Post,70,,
Chukou1 Logistics,71,,
Magyar Posta,72,,
Austrian Post,73,,
Miuson Express,74,,
Australia Post,75,,
Posta Moldovei,76,,
CNE Express,77,,
Emirates Post,78,,
WeDo Logistics,79,,
I-parcel,80,,
wnDirect,81,,
Romanian Post,82,,
Pitney Bowes,83,,
ROSAN EXPRESS,84,,
UTEC,85,,
TNT,86,,
EMPS Express,87,,
Indonesia Post,88,,
An Post,89,,
Cyprus Post,90,,
Anjun Logistics,91,,
TrakPak,92,,
Nova Poshta,93,,
Montenegro Post,94,,
Seychelles Post,95,,
Correos Chile,96,,
Asendia USA,97,,
Sai Cheng Logistics,98,,
Slovakia Post,99,,
Espeedpost,100,,
Pakistan Post,101,,
Philippine Post (Philpost),102,,
Landmark Global,103,,
Vanuatu Post,104,,
Maroc Poste,105,,
Yodel,106,,
Post Serbia,107,,
Slovenia Post,108,,
Cacesa Postal,109,,
Equick China,110,,
GLS,111,,
Colombia Post,112,,
Malta Post,113,,
Posten Norge,114,,
Croatia Post,115,,
CDECLS,116,,
Winit,117,,
IML Logistics,118,,
Meest (Meest Express),119,,
InPost,120,,
Correo Argentino,121,,
myHermes UK,122,,
DPD Poland,123,,
DPD Germany,124,,
Clevy Links,125,,
Deutsche Post DHL,126,,
KWT Logistics,127,,
SpeedPAK,128,,
Joom,130,,
DPD Russia,131,,
Business Line,132,,
PEC,133,,
TC Energy,134,,
ZhelDorEkspeditsiya,135,,
Pony Express,136,,
Delivery,137,,
SkyNet,138,,
Hermes,139,,
Courier Service Express,140,,
Major Express,141,,
DIMEX,142,,
Shipito,143,,
Bring,144,,
Polar Express,145,,
Webex,146,,
City Express,147,,
Shiptor,148,,
SFC,149,,
Night Express,150,,
DHT,151,,
Garantpost,152,,
Baikal Service,153,,
ATA,154,,
Shop Logistics,155,,
Boxberry,156,,
Borderfree,157,,
DSV,158,,
MaxiPost,159,,
8express,160,,
Aramex,161,,
StarTrack,162,,
007EX Express,163,,
BAB,164,,
BDT,165,,
Colissimo,166,,
Itella,167,,
Norsk,168,,
Zest-Express,169,,
DB Schenker,170,,
RedExpress,171,,
TopDelivery,172,,
Trans Cargo,173,,
MRW,174,,
Sudan Post,175,,
OCA,176,,
Chronopost,177,,
eShopWorld,178,,
Flip Post,179,,
Speedy,180,,
PostNord,181,,
WEL,182,,
Svetlana-K,183,,
DPEX,184,,
JNE,186,,
Speedex,187,,
UBI Smart Parcel,188,,
ExpressRu,189,,
Apple Express,190,,
DPE,191,,
GATI,192,,
Exline,193,,
Globegistics,194,,
Marschroute,195,,
Meest China,196,,
Sendle,197,,
Sky56,198,,
Ukraine Express,199,,
YRC,200,,
Estafeta,201,,
Expeditors,202,,
Dnipro LLC,203,,
Purolator,204,,
EMS,205,,
In Time,206,,
САТ (SAT),207,,
United Broker,208,,
Correos de Mexico,209,,
Deltec,210,,
DTDC,211,,
Parcel2Go,212,,
QuickFish,213,,
Qwintry Logistics,214,,
Sinotrans,215,,
GDSK,216,,
Serpost,217,,
Aerotrans,218,,
FastSpeed (fake),219,,
LaserShip,220,,
OnTrac,221,,
RR Donnelley,222,,
UK Mail,223,,
Speedpost,224,,
La Poste Tunisienne,225,,
Kuehne+Nagel,227,,
Mondial Relay,228,,
One World Express,230,,
OTX Logistics,231,,
PanAsia (Ollyway Express),232,,
Quantium,233,,
Servientrega,234,,
Yamato Transport,235,,
New Zealand Post,236,,
139 Express,237,,
Correos Express,238,,
FAN Courier,239,,
Interparcel,240,,
Packlink,241,,
SDA Express Courier,242,,
SEUR,243,,
JCEX,244,,
ZOTE,245,,
Afghan Post,246,,
Aland Post,247,,
Albanian Post,248,,
Algeria Post,249,,
Anguilla Post,250,,
Antarctica Post,251,,
Aruba Post,253,,
Bahamas Post,254,,
Bahrain Post,255,,
Bermuda Post,256,,
Bhutan Post,257,,
Botswana Post,258,,
Brunei Post,259,,
Burundi Post,260,,
Cambodia Post,261,,
Campost,262,,
Cayman Islands Post,263,,
Correios Cabo Verde,264,,
Correios de Angola,265,,
Correios de Moçambique,266,,
Correo El Salvador,267,,
Correo Paraguayo,268,,
Correo Uruguayo,269,,
Correos Bolivia,270,,
Correos Costa Rica,271,,
Correos de Cuba,272,,
Correos de Honduras,273,,
Correos Ecuador,274,,
Cpost International,275,,
Egypt Post,276,,
Enterprise des Poste Lao (APL),277,,
Ethiopian Post,278,,
Faroe Post,279,,
Fiji Post,280,,
Ghana Post,281,,
Gibraltar Post,282,,
Grenada Post,283,,
Guernsey Post,284,,
Guyana Post,285,,
Haiti Post,286,,
Iceland Post,287,,
Inposdom,288,,
Iran Post,289,,
Iraqi Post,290,,
Jamaica Post,291,,
Jersey Post,292,,
Jordan Post,293,,
JP BH Post,294,,
Kenya Post,295,,
Kosovo Post,296,,
Kuwait Post,297,,
Kyrgyz Post,298,,
La Poste De Benin,299,,
La Poste De Côte d'Ivoire,300,,
La Poste De Djibouti,301,,
La Poste De Mali,302,,
La Poste De Monaco,303,,
La Poste De Senegal,304,,
La Poste De Togo,305,,
Lesotho Post,306,,
Liban Post,307,,
Liberia Post,308,,
Libya Post,309,,
Liechtenstein Post,310,,
Luxembourg Post,311,,
Macao Post,312,,
Autolux,313,,
Gunsel,314,,
Macedonia Post,315,,
Malawi Post,316,,
Maldives Post,317,,
Mauritius Post,318,,
Mongolia Post,319,,
Myanma Post,321,,
Namibia Post,322,,
Nepal Post,323,,
New Caledonia Post,324,,
Niger Post,325,,
Nigerian Post,326,,
Oman Post,327,,
Panama Post,328,,
Posta Republike Srpske,329,,
Rwanda Post,330,,
Saint Helena Post,331,,
Samoa Post,332,,
San Marino Post,333,,
Saudi Post,334,,
Sonapost,335,,
South Africa Post,336,,
Sri Lanka Post,337,,
Swaziland Post,338,,
Syrian Post,339,,
Tajikistan Post,340,,
Tanzania Post,341,,
Tele Post (Greenland Post),342,,
Tonga Post,343,,
Turkmen Post,344,,
Vatican Post,345,,
Yemen Post,346,,
Zambia Post,347,,
13ten,348,,
17 Post Service,349,,
2GO Express,350,,
A2B Express Logistics,351,,
A2B HK,352,,
Able Express,353,,
ABX Express,354,,
Access Worldwide,355,,
aCommerce Asia,356,,
ACS Courier,357,,
ADSone,358,,
Aeroflot Air Waybill,359,,
Air Speed,360,,
Airpak,361,,
AJ Express,362,,
Aleksandr,363,,
AllJoy,364,,
APC Overnight,365,,
APC Postal Logistics,366,,
Apache Logistics,367,,
ArcBest (ex.ABF Freight),368,,
Asendia DE,369,,
Asendia HK,370,,
Asendia UK,371,,
Asendia Spain,372,,
Asia Africa Sky Express,373,,
BAB Kingtrans,374,,
BDT Post,375,,
BE Logistics,376,,
Best Express (百世快递),377,,
BIN Express,378,,
BJ Logistics,379,,
Black Arrow Express,380,,
Bluecare Express,381,,
Blue Dart,382,,
BoxC Logistics,383,,
Bpost Internetional,384,,
BRT Bartolini,385,,
Buy Logic,386,,
CanPar,387,,
CargoKing,388,,
CBL Logistics,389,,
CCL International Logistics,390,,
Chilexpress,391,,
Chronopost Portugal,393,,
Citilogistics,394,,
City-Link Express,395,,
CitySprint,396,,
CJ Logistics (CJ대한통운),397,,
Colis Prive,398,,
Collect+,399,,
Collectco,400,,
Comiron Express,401,,
Copa Airlines Courier,402,,
Courier IT,403,,
Courierplus,404,,
CourierPost,405,,
Couriers Please,406,,
CTM Express,407,,
Cuckoo Express,408,,
CZRS,409,,
DAI Post,410,,
DAO 365,411,,
Delcart,412,,
Delhivery,413,,
DEX-I,414,,
Diji Express,415,,
Direct Freight Express,416,,
Doora,417,,
DPEX China,418,,
DPX Logistics,419,,
DTDC Australia,420,,
e-Post Israel,421,,
EC Express,422,,
EC Post,423,,
Echo,424,,
ECMS Express,425,,
Ecom Express,426,,
Econt,427,,
EFS Asia,428,,
EFS Express,429,,
Ekart Logistics,430,,
EMA Logistics,431,,
Emexpress Shipping Services,432,,
Entrego,433,,
Geis,434,,
Envialia,435,,
eRetail Logistics,436,,
Eurodis,437,,
EWS Profit Fields,438,,
Exelot,439,,
Exposts,440,,
FAR - Hangzhou International Logistics,441,,
Fastway Couriers,442,,
FastWay Couriers (Ireland),443,,
FastWay Couriers (New Zealand),444,,
FastWay Couriers (South Africa),445,,
FedEx Poland,446,,
MailAmericas,448,,
Fercam,449,,
First Flight Couriers,450,,
Forintos,451,,
Four Seasons Fly,452,,
Freight Mark Express (FMX),453,,
Fulfillment,454,,
Futuris Logistic,455,,
GAASH Worldwide,456,,
Garant Post Service,457,,
Gati KWE,458,,
GD Express,459,,
Geniki Taxydromiki,460,,
Giao Hang Nhanh,461,,
Global Courier Express,462,,
Global Parcel Service,463,,
GLS Italy,464,,
GoJavas,465,,
GSI Express,466,,
GuangZhou HaiQi Logistics,467,,
Hermes Germany,468,,
Hermes World,469,,
Herona Express,470,,
HHG Cargo 1811,471,,
HJYT,472,,
Royal Shipments,473,,
WanbExpress,474,,
Wish Global,475,,
Buffalo,476,,
Deppon,477,,
HKRPost,478,,
Holisol Logistics,479,,
Huahan Logistics,480,,
Hunter Express,481,,
Ie Post,482,,
Iloxx,483,,
Q-Post,484,,
IMEX Global Solutions,485,,
IML Express (China),486,,
IMX,487,,
Intelcom Express,488,,
InterLogistica,489,,
International Bridge,490,,
J-express,491,,
J&T Express Indonesia,492,,
J&T Express Malaysia,493,,
Jayon Express,494,,
JET E-Commerce Logistics,495,,
JET Logistics KZ,496,,
JET Logistics,497,,
JSH,498,,
Ukraine EMS,499,,
SprintPack,500,,
DHL eCommerce Asia,501,,
Jet-Ship,502,,
JFG Express,503,,
Jiayou,504,,
Jocom,505,,
JY Express,506,,
Kerry Express,507,,
Kerry Express HK,508,,
Lazada Express Malaysia,509,,
LBC Express,510,,
LCM Express,511,,
Lion Parcel,512,,
LSO,513,,
LWE - Logistics WorldWide Express,514,,
M3,515,,
Mail Boxe Etc,516,,
Mainex,517,,
Matdespatch,518,,
Matkahuolto,519,,
MC Express,520,,
Mcchina Express,521,,
MC Express International,522,,
MC Express China,523,,
Aliexpress,524,,
Global Cainiao,525,,
DHL eCommerce US,526,,
EQT,527,,
Post11,528,,
DHL Parcel (NL),529,,
OPT-NC,530,,
Orange Connex,531,,
Keda Int'l,532,,
Thailand Trans Shipment,533,,
Naqel,534,,
EMS Azerbaijan (Azerexpresspost),535,,
IML,536,,
Meest Asia (UZ),537,,
Meest-America Inc,538,,
MetaPack,539,,
NationWide Express,540,,
Newgistics,541,,
Nexive,542,,
Nightline Group,543,,
Nim Express,544,,
Ninja Van,545,,
NUO,546,,
OCS Worldwide,547,,
Octopus Logistics,548,,
Omni Parcel,549,,
Paczka w Ruchu,550,,
Aprche,551,,
DPD Service,552,,
Miuson Service,553,,
PostNord Danmark Service,554,,
Lithuania Post Service,555,,
Saint Lucia Post,556,,
PakTrac eTotal,557,,
Palau Post,558,,
Parcel ABC,559,,
PayPal Package,560,,
Pgeon,561,,
PNG Post,562,,
Polonez Parcel Service,563,,
Pos Laju,564,,
Post Express (KZ),565,,
PPX Track,566,,
PSK Logistics,567,,
Purolator International,568,,
Q Xpress Asia,569,,
Q Express,570,,
QFL,571,,
Qixiang Logistics,572,,
QuickWay,573,,
RAM,574,,
ReBOUND - IntelligentReturns,575,,
Redpack Mexico,576,,
Pickpoint,577,,
Remax Courier Service,578,,
RF Shipping & Logistics,579,,
Rincos,580,,
RPX,581,,
Sagawa Global,582,,
Sai Cheng Logistics,583,,
Sameday Courier,584,,
SAP Express Courier,585,,
SCM Paqueteria,586,,
Shenzhen International Logistics Co.,587,,
Shippit,588,,
Signature Logistics,589,,
Signature Logistic,590,,
Simply Post Asia,591,,
Sky Postal,592,,
SkyNet Malaysia,593,,
Skynet Worldwide Express UK,594,,
SMSA Express,595,,
Specialised Freight,596,,
Spring Global Delivery Solutions,597,,
SRE Korea,598,,
Starken,599,,
Steed Logistics,600,,
Sürat,601,,
SVG Post,602,,
TA-Q-BIN Malaysia,603,,
TakeSend,604,,
TCK Express,605,,
The Courier Guy,606,,
The Postal Connect,607,,
Professional Courier,608,,
Tipsa,609,,
Tisak Paket,610,,
TMM Express,611,,
Toll IPEC,612,,
TopYou,613,,
Tourline Express,614,,
toYou by ASDA,615,,
Trackmail,616,,
TrackYourParcel,617,,
Tresguerras,618,,
TT Post,619,,
Tuvalu Post,620,,
Urgent Cargus,621,,
VicTas Freight Express,622,,
Virgin Atlantic Airwaybill,623,,
WeDo Express (fake),624,,
Whistl,625,,
Wise Express,626,,
Wiseloads,627,,
WSE,628,,
XDE Logistics - Ximex,629,,
Xend Express,630,,
Xingyuan,631,,
Xpost,632,,
XpressBees,633,,
XQ Express,634,,
Yakit,635,,
YDH,636,,
ZD Express,637,,
Zeleris,638,,
ZTO International,639,,
Alem-TAT,640,,
Doddle,641,,
Company Vestovoy,642,,
Mercury-Express,643,,
Wish Post (WishPost),644,,
Express-Auto,645,,
DPD Ireland,646,,
DPD France,647,,
DPD UK,648,,
DPD Hong Kong,649,,
DPD Romania,650,,
DPD Local,651,,
EMS Nigeria,652,,
Banderolka,653,,
Seller's Shipping Method,657,,
RAF,658,,
BONA,659,,
Caribou,660,,
Zinc,661,,
Fedex Cross Border,662,,
SYD,663,,
Nova Poshta,664,,
Chit Chats,665,,
Justin,666,,
Ipostel,667,,
Paquetexpress,668,,
Castores,669,,
Coordinadora,670,,
TCC,671,,
Envia,672,,
Andreani,673,,
Via Cargo,674,,
Zoomenvios,675,,
Tealca,676,,
Domesa,677,,
Ebay,678,,
Walmart,679,,
Etsy,680,,
Ikea,681,,
Nike,682,,
Adidas,683,,
H&M,684,,
Asos,685,,
Argos,686,,
Debenhams,687,,
Kmart,688,,
Woolworths,689,,
Officeworks,690,,
Allegro,691,,
Falabella,692,,
Ripley,693,,
Paris,694,,
Easy,695,,
Sodimac,696,,
Entel,697,,
Lider,698,,
Mercado Libre Argentina,699,,
Mercado pago,700,,
Americanas,701,,
Dafiti,702,,
Ibs,703,,
Orange,704,,
Cdiscount,705,,
Fnac,706,,
Zalando,707,,
CTT Express,708,,
Total Express,709,,
Sequoia,710,,
Loggi,711,,
Sedex,712,,
Mail Boxes Etc Italy (MBE),713,,
Jadlog,714,,
TransFolha,715,,
RTE Rodonaves,716,,
Plimor,717,,
Directlog,718,,
GOLLOG,719,,
Braspress,720,,
Azul Cargo Express,721,,
SSW,722,,
Jamef Encomendas Urgentes,723,,
NOWLOG,724,,
Patrus Transportes,725,,
Rede Sul,726,,
MSC,727,,
CMA CGM,728,,
Maersk,729,,
TCS,731,,
Safmarine,732,,
VRL Logistics,733,,
Trackon Couriers,734,,
Shree Maruti,735,,
Rivigo,736,,
Safexpress,737,,
TCI EXPRESS,738,,
Akash Ganga,739,,
Nitco Logistics,740,,
Shree Anjani Courier,741,,
ST Courier,742,,
V-Trans,743,,
Interasia,744,,
Gold Star Line,745,,
SkyKing,746,,
Ondot Courier,747,,
Franch Express,748,,
DotZot DTDC,749,,
Shadowfax,750,,
ICL Courier,751,,
Hapag Lloyd,752,,
APL,753,,
IAG Cargo,754,,
One Line (Ocean Network Express),755,,
Saia,756,,
ODFL (Old Dominion Freight Line),757,,
Estes Express,758,,
XPO Logistics,759,,
R&L Carriers,760,,
Reddaway,761,,
ZIM Line,762,,
Southwest Cargo (SWCargo),763,,
CEVA Logistics,764,,
Yang Ming,765,,
OSM Worldwide (One Stop Mailing),766,,
NSD,767,,
Matson,768,,
HMM,769,,
Endicia,770,,
Transdirect,771,,
XDP,772,,
DX Delivery,773,,
Tuffnells,774,,
Palletways,775,,
ArrowXL,776,,
Dachser,777,,
Hamburg Süd,778,,
GO! Express & Logistics,779,,
GEL Express,780,,
Pin Mail AG,781,,
Evergreen Marine,782,,
OOCL,783,,
Cosco Shipping,784,,
ODM Express,785,,
TinyPack,786,,
99minutos,787,,
Celeritas Transporte,788,,
NACEX,789,,
Arco Trasporti,790,,
Mondo Spedizioni,791,,
Unieuro,792,,
Paccofacile,793,,
GEODIS,794,,
France Express,795,,
GEFCO,796,,
Raben,797,,
Pekaes,798,,
Rohlig Suus,799,,
GTD,800,,
GlavDostavka,801,,
Gebrüder Weiss,802,,
Parcel Monkey,803,,
Flecha Amarilla,804,,
Aeroflash,805,,
Aras,806,,
Yurtiçi,807,,
MNG,808,,
hepsiJET,809,,
By Express Kargo,810,,
Turkish Cargo,811,,
Kargoist,812,,
Fast Express,813,,
Pegasus Cargo,814,,
KargoTurk,815,,
Süreç Kargo,816,,
Evropochta,818,,
J&T Express Thailand,819,,
ZTO Express,820,,
YTO Express,821,,
Yunda Express,822,,
STO Express,823,,
ZJS Express,824,,
TTK Express,825,,
Flash Express,826,,
Trendyol Express,827,,
Speed Post,828,,
Hrvatska Pošta,831,,
GLS Spain,833,,
Pilot Freight Services,834,,
AGT KURYE,835,,
TNT Italia,836,,
5Post,837,,
Packeta,838,,
Grab,840,,
GoGo Xpress,841,,
JRS-Express,842,,
Sailpost,843,,
CicekSepeti,844,,
DeFacto,845,,
Boyner,846,,
FLO,847,,
Teknosa,848,,
SCG EXPRESS,850,,
ALPHA FAST,851,,
Yusen Logistics,852,,
SHIPPOP,853,,
PorLor Express,854,,
Sendit,855,,
BEST Express,856,,
Lazada,857,,
Shopee,858,,
Shopee Express,859,,
Seino,860,,
Fukuyama Transporting,861,,
Nippon Express,862,,
Mercari,863,,
Rakuten,864,,
Hepsiburada,865,,
Trendyol,866,,
Horoz Lojistik,867,,
N11,868,,
Morhipo,869,,
GittiGidiyor,870,,
Koton,871,,
Relais Colis,872,,
ePost Korea,873,,
Aramex Australia,874,,
UPS Mail Innovations,875,,
Sagawa,876,,
Janio Asia,877,,
Carry Flap,878,,
Allied Express,879,,
eTotal Solution Limited,880,,
SEKO Logistics,881,,
TNT Australia,882,,
CJ Packet,883,,
Averitt Express,884,,
Paack,885,,
Loomis Express,886,,
Sending,887,,
Ziing Final Mile,888,,
FirstMile,889,,
Shree Tirupati Courier Services,890,,
HX Express,891,,
Budbee,892,,
AO Logistics,893,,
Easy Mail,894,,
Delnext,895,,
UPS Freight,896,,
Mainfreight,897,,
Spoton Logistics,898,,
Intel Valley Supply Chain,899,,
Midland Transport,900,,
Line Clear Express,901,,
Swiship UK,902,,
Swiship,903,,
VIWO,904,,
Aersure,905,,
GLS US,906,,
Viettel Post,907,,
360 Lion Express,908,,
Redur Spain,909,,
Сnwangtong,910,,
APG eCommerce Solutions,911,,
Spee Dee Delivery,912,,
Danske Fragtmænd,913,,
LexShip,914,,
Dicom,915,,
Pickupp,916,,
HCT Logistics,917,,
Zeek,918,,
ACS Worldwide Express,919,,
Airmee,920,,
Lalamove,921,,
Corporate Couriers Logistics,922,,
AIR21,923,,
Southeastern Freight Lines,924,,
Detrack,925,,
Quality Post,926,,
Urbanfox,927,,
United Delivery Service,928,,
ParcelPal,929,,
Cubyn,930,,
Roadbull Logistics,931,,
Trunkrs,932,,
AAA Cooper,933,,
Wahana,934,,
Tiki,935,,
Tiki,936,,
M Xpress,937,,
Panther Premium Logistics,938,,
Panther Logistics,939,,
Mainway,940,,
B2C Europe,941,,
Weaship,942,,
Helthjem,943,,
OCS ANA Group,944,,
Antron Express,945,,
KuaYue Express,946,,
ASIGNA,947,,
National Sameday,948,,
Neway Transport,949,,
New Zealand Couriers,950,,
ZOZOTOWN,951,,
Yahoo!,952,,
Packs,953,,
Fietskoeriers,954,,
MyParcel,955,,
Bershka,956,,
OTTO,957,,
Bol,958,,
Greyhound,959,,
VIR Transport,960,,
TAQBIN Hong Kong,961,,
PIL Logistics,962,,
Red je Pakketje,963,,
Fasttrack,964,,
TAQBIN Singapore,965,,
HermesWorld,966,,
Border Express,967,,
Haidaibao,968,,
Dayton Freight,969,,
ABCustom,970,,
GlobalTranz,971,,
Speed Couriers (Greece),972,,
Mypostonline,973,,
DD Express,974,,
Dawn Wing,975,,
PAL Express,976,,
Shopfans,977,,
B&H Worldwide,978,,
XL Express,979,,
WMG Delivery,980,,
Paperfly,981,,
M&X cargo,982,,
JX express,983,,
CH Robinson,984,,
Carriers,985,,
Elian Supply Chain,986,,
Lotte Global Logistics (롯데택배),987,,
Agility Logistics,988,,
PFC Express,989,,
2ebox,990,,
Innovel,991,,
Janco Ecommerce,992,,
Internet Express,993,,
Cope Sensitive Freight,994,,
Sendex,995,,
Kerry Logistics,996,,
Blue Star,997,,
PITT OHIO,998,,
Skynet Express South Africa,999,,
Liefery,1000,,
Wizmo (Shipwizmo),1001,,
SZENDEX,1002,,
Endeavour Delivery,1003,,
ELogistica,1004,,
Xpert Delivery,1005,,
CTC Express,1006,,
TransMission,1007,,
Eshipping,1008,,
Zajil,1009,,
GBA Services,1010,,
AlfaTrex,1011,,
Smooth Parcel,1012,,
Paper Express,1013,,
MDS Collivery,1014,,
Always Express,1015,,
Zepto Express,1016,,
KURASI,1017,,
ANSERX,1018,,
uShip,1019,,
Planzer Transport,1020,,
eFEx,1021,,
Sutton Transport,1022,,
Rocket Parcel International,1023,,
Champion Logistics,1024,,
RZY Express,1025,,
Aprisa Express,1026,,
CDEK Türkiye,1027,,
Kerry Express Vietnam,1028,,
i-dika,1029,,
Kerry TJ Logistics,1030,,
SKYBOX,1031,,
Forrun,1032,,
Pandu Logistics,1033,,
Mikropakket,1034,,
LHT Express,1035,,
Bluex,1036,,
TFM Xpress,1037,,
Aquiline,1038,,
Link Bridge (BeiJing),1039,,
Jam Express,1040,,
GEM Worldwide,1041,,
Global Business Taiwan,1042,,
Zyllem,1043,,
Transgroup,1044,,
RPD2man,1045,,
Bonds Transport Australia,1046,,
SMG Direct,1047,,
Jiayou International Logistics,1048,,
Dimerco Express,1049,,
MXE Express,1050,,
Lyve Logistics,1051,,
Frete Rápido,1052,,
Intelipost,1053,,
Bert Transport,1054,,
Fetchr,1055,,
Cloudwish Asia,1056,,
PFL,1057,,
Park N Parcel,1058,,
West Bank Courier,1059,,
C&A,1060,,
Petz,1061,,
K1 Express,1062,,
BirdSystem,1063,,
ParcelPoint,1064,,
Destiny Transportation,1065,,
Pan-Asia International,1066,,
Hipshipper,1067,,
Huodull,1068,,
Nhans Solutions,1069,,
Shippify,1070,,
ProMed Delivery,1071,,
Mail Boxes Mexico,1072,,
Courant Plus,1073,,
NTL logistics,1074,,
Designer Transport,1075,,
Ader,1076,,
CDL,1077,,
Legion Express,1078,,
Xpedigo,1079,,
LTIAN EXP,1080,,
TA-Q-BIN Taiwan,1081,,
JS EXPRESS,1082,,
Falcon Express,1083,,
Delivery Group,1084,,
Tecor,1085,,
Kintetsu World Express,1086,,
Livrapide,1087,,
Freightquote,1088,,
Home Logistics,1089,,
LTL,1090,,
Blink,1091,,
Groupe Mazet,1092,,
Mikropakket Belgium,1093,,
Indopaket,1094,,
CGS Express,1095,,
Gio Express,1096,,
Spectran,1097,,
FitzMark,1098,,
Viaxpress,1099,,
MBW Courier,1100,,
NOX Night Time Express,1101,,
Furdeco,1102,,
DNJ Express,1103,,
HSM Global,1104,,
Aeronet,1105,,
STONE3PL,1106,,
Brouwer Transport,1107,,
Mondial Relay Spain (Punto Pack),1108,,
Yamato Hong Kong,1109,,
HKD International Logistics,1110,,
AO,1111,,
Barq Express,1112,,
PCF,1113,,
GBS Broker,1114,,
Nationex,1115,,
Stallion Express,1116,,
Croshot,1117,,
Media Markt (Poland),1118,,
Media Markt (Germany),1119,,
MediaMarkt (Netherlands),1120,,
MediaMarkt (Spain),1121,,
MediaMarkt (Turkey),1122,,
MediaMarkt (Sweden),1123,,
PARCEL ONE,1124,,
Tazmanian Freight,1125,,
Ivoy,1126,,
Roadrunner,1127,,
Continental Global Service Limited,1128,,
Comet Tech,1129,,
Amstan Logistics,1130,,
Shipa Delivery,1131,,
Sonic Delivery,1132,,
Lufthansa Cargo,1133,,
Dhgate,1134,,
Jollychic,1135,,
Via Express,1136,,
Nox NachtExpress,1137,,
Europarcel,1138,,
C Way,1139,,
Best Buy,1140,,
Best Buy (Canada),1141,,
Best Buy (México),1142,,
Costco,1143,,
Funshop,1144,,
Yes24,1145,,
Ilogen,1146,,
Hanjin (한진택배),1147,,
Ilyang Logis,1148,,
Cupost,1149,,
GS Postbox,1150,,
Mailex,1151,,
GSMNton,1152,,
Pantos Logistics,1153,,
Latam Cargo,1154,,
Casas Bahia,1155,,
Magazine Luiza,1156,,
Netshoes,1157,,
Pontofrio,1158,,
HR Parcel,1159,,
Gearbest,1160,,
Banggood,1161,,
Chinabrands,1162,,
Geekbuying,1163,,
Tomtop,1164,,
Genuine People,1165,,
Fruugo,1166,,
Afrikrea,1167,,
eGlobal Central,1168,,
Flipkart,1169,,
Tokopedia,1170,,
Qoo10,1171,,
Coupang,1172,,
Myntra,1173,,
Snapdeal,1174,,
DNS-Shop,1175,,
LightInTheBox,1176,,
Catch,1177,,
Goods,1178,,
Vova,1179,,
Kupivip,1180,,
Fasttech,1181,,
Lelong,1182,,
JoyBuy,1183,,
Sunsky,1184,,
MyDeal,1185,,
Pandao,1186,,
TVC Mall,1187,,
Zibbet,1188,,
Zalora,1189,,
Focalprice,1190,,
Cesdeals,1191,,
Hipvan,1192,,
Yandex Market,1193,,
Avito,1194,,
Wildberries,1195,,
Ozon,1196,,
Citilink,1197,,
Eldorado,1198,,
G2A,1199,,
Lamoda,1200,,
Depop,1201,,
Bigl,1202,,
Dba,1203,,
Tradera,1204,,
Vinted (Kleiderkreisel),1205,,
Kijiji,1206,,
DealExtreme,1207,,
Conforama,1208,,
Eprice,1209,,
Rue du Commerce,1210,,
Vestiaire Collective,1211,,
Aukro,1212,,
Home24,1213,,
Galeries Lafayette,1214,,
Lookfantastic,1215,,
Spartoo,1216,,
Wehkamp,1217,,
Game,1218,,
Vatera,1219,,
Notonthehighstreet,1220,,
Yatego,1221,,
Nature & Découvertes,1222,,
Morele,1223,,
OnBuy,1224,,
eBid,1225,,
Fyndiq,1226,,
La Redoute,1227,,
ManoMano,1228,,
FFX,1229,,
Folksy,1230,,
Trendsales,1231,,
1st Choice Spares,1232,,
Yumbles,1233,,
Aosom,1234,,
Coolshop,1235,,
Target,1236,,
Newegg,1237,,
Overstock,1238,,
Zappos,1239,,
Sears,1240,,
Kohl's,1241,,
Brooklinen,1242,,
BHLDN,1243,,
Cuyana,1244,,
Wayfair,1245,,
Everlane,1246,,
Garmentory,1247,,
Free People,1248,,
The Home Depot,1249,,
Discogs,1250,,
Barnes and Noble,1251,,
Groupon,1252,,
Houzz,1253,,
Submarino,1254,,
AbeBooks,1255,,
Extra,1256,,
BrickLink,1257,,
Hudson's Bay,1258,,
Tradesy,1259,,
Shopgoodwill,1260,,
Rue La La,1261,,
Cratejoy,1262,,
Storenvy,1263,,
Tophatter,1264,,
Uncommon goods,1265,,
MiniInTheBox,1266,,
Ecrater,1267,,
Alibris,1268,,
Jane,1269,,
Trouva,1270,,
Biblio,1271,,
ArtFire,1272,,
Rubylane,1273,,
Property Room,1274,,
Linio,1275,,
Poshmark,1276,,
Tanga,1277,,
Truegether,1278,,
Jumia,1279,,
Konga,1280,,
Takealot,1281,,
Zando,1282,,
Kilimall,1283,,
Sell SA,1284,,
Zasttra,1285,,
Alibaba,1286,,
Tmall,1287,,
Taobao,1288,,
JD,1289,,
Chinavasion,1290,,
LighTake,1291,,
J&T Express Philippines,1292,,
JIB,1293,,
Borusan Lojistik,1294,,
Mercado Libre México,1295,,
Mercado Libre Colombia,1296,,
Mercado Livre Brasil,1297,,
Mercado Libre Perú,1298,,
Mercado Libre Ecuador,1299,,
Mercado Libre Chile,1300,,
Mercado Libre Bolivia,1301,,
Mercado Libre Costa Rica,1302,,
Mercado Libre República Dominicana,1303,,
Mercado Libre Guatemala,1304,,
Mercado Libre Honduras,1305,,
Mercado Libre Nicaragua,1306,,
Mercado Libre Panamá,1307,,
Mercado Libre Paraguay,1308,,
Mercado Libre Salvador,1309,,
Mercado Libre Uruguay,1310,,
Mercado Libre Venezuela,1311,,
Asiaxpress,1312,,
CJ Century,1313,,
Comone Express,1314,,
DeliverLah,1315,,
GoGet,1316,,
KGM Hub,1317,,
KTMD Malaysia,1318,,
Leopards Express,1319,,
May Express,1320,,
Motorex,1321,,
MyPoz,1322,,
Near U,1323,,
Ping U,1324,,
Postco,1325,,
SeeBuu,1326,,
SPC,1327,,
WePost,1328,,
Zoom,1329,,
7-Eleven,1330,,
LINE MAN,1331,,
Skootar,1332,,
Jetizz,1333,,
Grupo ampm,1334,,
Kolay Gelsin,1335,,
Worldwide Express,1336,,
Currys PC World,1337,,
Thegioididong,1338,,
Yodobashi,1339,,
Gmarket,1340,,
After5,1341,,
Fexprimir Logistic,1342,,
GoLog,1343,,
Istore Isend,1344,,
ESL Express,1345,,
First Logistics,1346,,
PCP Express,1347,,
SnT Global,1348,,
Sure Reach,1349,,
Teleport,1350,,
Viamove,1351,,
XDel,1352,,
J&T Express Singapore,1353,,
Xingyunyi,1355,,
Asia Sky Express Kazakhstan,1356,,
SPARK,1357,,
Expert-Logistics,1359,,
VPost,1360,,
Express Mail Universal,1361,,
FARGO,1362,,
YUMECS,1363,,
Multipost,1364,,
ONEX,1365,,
Onway,1366,,
Curier Rapid,1367,,
Sampost,1368,,
Korexgarant,1369,,
Avtolightexpress,1370,,
LPExpress (Express pasts),1371,,
Mans Pasts,1372,,
Venipak,1373,,
Cargobus,1374,,
Jet Express,1375,,
TRANSALEX,1376,,
Euro-Ex,1377,,
Alil Post,1378,,
POSTDEPO,1379,,
MDK Express,1380,,
PG Mall,1381,,
Carousell,1382,,
El Corte Ingles,1383,,
E.Leclerc,1384,,
Back Market,1385,,
Sefamerve,1386,,
Coolblue,1387,,
Etos,1388,,
Blokker,1389,,
iHerb,1390,,
5UL,1391,,
AO YOU,1392,,
ASIAFLY,1393,,
Aotian,1394,,
ASUS International Logistics,1395,,
Bird System,1396,,
BQC,1397,,
CITITRANS,1398,,
CXC Express,1399,,
DTD,1400,,
DWZ Expres,1401,,
Edlon Logistics,1402,,
Espost,1403,,
ESX Logistics,1404,,
EWE Global Express,1405,,
FIRST LINE,1406,,
Shenzhen Han Run,1407,,
HSD Express,1408,,
HUIN Logistics,1409,,
HY Express,1410,,
iMile,1411,,
India Ocean,1412,,
JD Logistics,1413,,
JPS,1414,,
JTEX,1415,,
King Kong Express,1416,,
Kong Lok Express,1417,,
Krexi international,1418,,
Kylin Express,1419,,
LeiYi international logistics,1420,,
LEX,1421,,
LiBang Logistics,1422,,
MCTrans,1423,,
OCS Express,1424,,
PY Express,1425,,
QYSC,1426,,
RRS Logistics,1427,,
Sure Express,1428,,
Suto Logistics,1429,,
SY Express,1430,,
SZJY,1431,,
Topdser,1432,,
Tonda Global,1433,,
TopEx,1434,,
TWTH,1435,,
Uda Express,1436,,
Usky,1437,,
U-Speed,1438,,
UXTX,1439,,
Vnlin,1440,,
WLD Express,1441,,
WWE,1442,,
YDS,1443,,
YH Express,1444,,
Yimidida,1445,,
YL,1446,,
YLD Logistics,1447,,
YouMeiYuTong,1448,,
YuanHao Logistics,1449,,
YWGJ,1450,,
ZCE,1451,,
ZHXT Express,1452,,
ZXG,1453,,
Bee Express,1454,,
Beone,1455,,
BlueEx,1456,,
Bombino Express,1457,,
Bringer Air Cargo,1458,,
Bringer Parcel Service,1459,,
Comet Hellas,1460,,
Commonline Express,1461,,
DDU Express,1462,,
DHL ACTIVETRACING,1463,,
DPD Portugal,1464,,
Early Bird,1465,,
EasyGet,1466,,
Esnad Express,1467,,
FamiPort,1468,,
Fast Despatch,1469,,
FPS Logistics,1470,,
GCX,1471,,
GHL Logistics,1472,,
GPD Service,1473,,
Grand Slam Express,1474,,
Grastin,1475,,
GTS Express,1476,,
Globavend,1477,,
Happy-Post,1478,,
JENY,1479,,
JoeyCo,1480,,
K-mestu,1481,,
Micro Express,1482,,
Posta Plus,1483,,
PPL CZ,1484,,
PTS Worldwide Express,1485,,
Redbox MV,1486,,
SAEE,1487,,
SGT,1488,,
SMART Post Global,1489,,
Sprintstar,1490,,
TMG,1491,,
Tonami,1492,,
Uni Express,1493,,
Vova Logistics,1494,,
1TONG,1495,,
Zhonglu Logistics,1496,,
Atwindow,1497,,
BEL,1498,,
BHT,1499,,
BR1,1500,,
BSI,1501,,
BSIE,1502,,
BTD,1503,,
CD,1504,,
Cheer,1505,,
CND,1506,,
CSIL,1507,,
DEQI,1508,,
DWEEX,1509,,
Dyexpress,1510,,
E D POST,1511,,
EAC,1512,,
ELINEX,1513,,
ESE,1514,,
Ezex,1515,,
TForce Freight,1516,,
Far Good,1517,,
FBL,1518,,
FCKJ,1519,,
FEIA,1520,,
FJEX,1521,,
FSGJ,1522,,
GAEA,1523,,
K56,1524,,
GIMEN56,1525,,
Gaopost,1526,,
GYL,1527,,
HDQN,1528,,
HMG,1529,,
HNCA Logistics,1530,,
HOYANG,1531,,
Hang Qiu international,1532,,
HSDGJ,1533,,
Huahang,1534,,
HuanTong,1535,,
Huasheng INT,1536,,
JAPO,1537,,
JH,1538,,
JINLAI,1539,,
JOYING BOX,1540,,
JY,1541,,
JYC,1542,,
KJY,1543,,
Komon,1544,,
KuaJing Line,1545,,
LEADER 609,1546,,
LHG,1547,,
LingXun Logistics,1548,,
Liumai Express,1549,,
LTEXP,1550,,
LY,1551,,
Madrooex,1552,,
MSD,1553,,
MYD,1554,,
OOPSTON,1555,,
OU JIE,1556,,
Pago Logistics,1557,,
Parceljet,1558,,
QYEXP,1559,,
Qyun Express,1560,,
Redbox,1561,,
Rheymah,1562,,
Runbai,1563,,
SaFly,1564,,
SCGJ,1565,,
SDK,1566,,
SGF,1567,,
SHE,1568,,
Juxi Express,1569,,
SHT,1570,,
Sinodidi,1571,,
Smartcat,1572,,
STONG,1573,,
STADT,1574,,
STO Global,1575,,
SUMTOM,1576,,
Sunnyway,1577,,
SuperTon,1578,,
SW Express,1579,,
Tongda,1580,,
TFS,1581,,
Tianzi,1582,,
Tinghao,1583,,
Tianzong,1584,,
TZT,1585,,
UVAN,1586,,
Wiio,1587,,
W-Meng,1588,,
XXD,1589,,
XYL,1590,,
YFHEX,1591,,
YFM,1592,,
YFZX,1593,,
YHA,1594,,
1ST agent,1595,,
YJI,1596,,
YunPai56,1597,,
YUTENG,1598,,
YYEXPRESS,1599,,
YYT,1600,,
ZB,1601,,
Horgos,1602,,
Z&T,1603,,
SberLogistics,1604,,
6pm,1605,,
Carter's,1606,,
Victoria’s Secret,1607,,
Gap,1608,,
Michael Kors,1609,,
Sephora,1610,,
Sportsdirect,1611,,
George,1612,,
Forever 21,1613,,
UGG,1614,,
Zara,1615,,
Gymboree,1616,,
Backcountry,1617,,
Uniqlo,1618,,
Jimmy jazz,1619,,
Apple,1620,,
B&H Photo Video,1621,,
Under Armour,1622,,
Levi's,1623,,
Bath & Body Works,1624,,
Timberland,1625,,
Disney,1626,,
New Balance,1627,,
J.Crew,1628,,
Marks and Spencer,1629,,
Evo,1630,,
Reebok,1631,,
Aeropostale,1632,,
Mango,1633,,
Puma,1634,,
American Eagle Outfitters,1635,,
Foot Locker,1636,,
Shoprunner,1637,,
Eddie Bauer,1638,,
Loot Crate,1639,,
Skip Hop,1640,,
OshKosh,1641,,
Vans,1642,,
Guess,1643,,
Armani Exchange,1644,,
Gilt,1645,,
ASDA,1646,,
5.11 Tactical,1647,,
A Pea in the Pod,1648,,
Abt,1649,,
adL,1650,,
Adorama,1651,,
Allbrands,1652,,
Anthropologie,1653,,
CarParts,1654,,
AutoZone,1655,,
AVVA,1656,,
Benetton,1657,,
Bilcee,1658,,
Bonprix,1659,,
Boohoo,1660,,
Boxycharm,1661,,
Bugatti-fashion,1662,,
Cabelas,1663,,
Camp Saver,1664,,
Clinique,1665,,
COLIN’S,1666,,
Collezione,1667,,
Colourpop,1668,,
Columbia,1669,,
Converse,1670,,
Cos,1671,,
Crocs,1672,,
Dangdang,1673,,
Deichmann,1674,,
DESA,1675,,
Motherhood Maternity,1676,,
Diesel,1677,,
Dilvin,1678,,
Dr. Jay's,1679,,
Due Maternity,1680,,
Ebebek,1681,,
ECS Tuning,1682,,
EOS,1683,,
Estee Lauder,1684,,
Firebox,1686,,
Full Compass,1687,,
G-star,1688,,
Gaiam,1689,,
GoPro,1690,,
Guitar Center,1691,,
Herroom,1692,,
Hobby Partz,1693,,
Hockey Monkey,1694,,
Ipekyol,1695,,
Isabella Oliver,1696,,
Jomashop,1697,,
Jumei,1698,,
Kate Spade,1699,,
Kaufland,1700,,
LEGO,1701,,
Limango,1702,,
LTB Jeans,1703,,
M.A.C Cosmetics,1704,,
Machka,1705,,
Markastok,1706,,
Massimo Dutti,1707,,
Mattel,1708,,
Mega Hobby,1709,,
Melton Tackle,1710,,
Modere,1711,,
Moosejaw,1712,,
MX megastore,1713,,
Neiman Marcus,1714,,
Network,1715,,
Notebooksbilliger,1716,,
NYX,1717,,
Oysho,1718,,
Partstore,1719,,
Ray-Ban,1720,,
RockAuto,1721,,
Saturn,1722,,
Skatewarehouse,1723,,
Stradivarius,1724,,
Suning,1725,,
Suzuki Parts House,1726,,
Talbots,1727,,
Tchibo,1728,,
The Body Shop,1729,,
Tommy Hilfiger,1730,,
Toptan bebe giyim,1731,,
Toptan Türkiye,1732,,
Tower Hobbies,1733,,
Trendbende,1734,,
Urban Outfitters,1735,,
US Ski Team,1736,,
Vip,1737,,
Yves-Rocher,1738,,
Magic Trans,1739,,
Asr Express,1740,,
SHEIN,1741,,
Lefties,1742,,
Døgnposten,1743,,
CX Cargo,1744,,
GFL,1745,,
Coppel,1746,,
Milanuncios,1747,,
11st,1748,,
Interpark,1749,,
Enuri,1750,,
GS SHOP,1751,,
TMON,1752,,
PALLEX,1753,,
Speedaf,1754,,
Alliance Air Freight,1755,,
AGS,1756,,
Bonshaw,1757,,
BoxKnight,1758,,
Direct Couriers,1759,,
Evri,1760,,
First Global Logistics,1761,,
Fulfilla,1762,,
GO Logistics,1763,,
Heppner,1764,,
Logisters,1765,,
Meteor Space,1766,,
Northline,1767,,
PAD,1768,,
Shree Nandan Courier,1769,,
Step Forward Freight,1770,,
Zasilkovna,1771,,
PJH,1772,,
DTD Express,1773,,
Futuresupplychains,1774,,
A1 Post,1775,,
DHL Parcel UK,1776,,
2U Express,1777,,
Air Canada Cargo,1778,,
Air China Cargo,1779,,
Air Europa Cargo,1780,,
Air France Cargo,1781,,
Airwings Courier Express India,1782,,
Amber Express,1783,,
American Airlines Cargo,1784,,
Amerijet Airlines Cargo,1785,,
Ane Express,1786,,
Ant eParcel,1787,,
AnterAja,1788,,
ARK Express,1789,,
Asiana Airlines Cargo,1790,,
ASL Distribution,1791,,
AuExpress,1792,,
Avianca Airlines Cargo,1793,,
Bangladesh EMS,1794,,
BDM Corriere,1795,,
Better Trucks,1796,,
Blue Sky Express,1797,,
Bombax,1798,,
Bukalapak,1799,,
Cargolux,1800,,
Cebu Pacific Cargo,1801,,
ColiColi,1802,,
CoolRunner,1803,,
Copa Airlines Cargo,1804,,
Cult Beauty Order,1805,,
Day & Ross Freight,1806,,
Deliver IT,1807,,
Delta Airlines Cargo,1808,,
Deprisa,1809,,
DME Cargo,1810,,
Dragonfly Shipping,1811,,
Easy Ship,1812,,
EC-Firstclass,1813,,
eFMX,1814,,
ELTA Courier,1815,,
Emex,1816,,
EPS Globe,1817,,
Ethihad Cargo,1818,,
Ethiopian Airlines Cargo,1819,,
Europacco,1820,,
Fastgo,1821,,
Flash Box,1822,,
FleetOptics,1823,,
Fly Dubai Cargo,1824,,
FTD Express,1825,,
Garuda Indonesia Cargo,1826,,
Glovo,1827,,
Homerr,1828,,
Hound Express,1829,,
ICS Courier,1830,,
ID Express,1831,,
IMX France,1832,,
Instapack,1833,,
J&T Express KSA,1834,,
J&T Express UAE,1835,,
JRMT,1836,,
JT Express VN,1837,,
Kerry eCommerce,1838,,
Kerry Express Thailand,1839,,
Korean Air Cargo,1840,,
LDXpress,1841,,
Leroy Merlin,1842,,
LICCARDI,1843,,
Lidl Shop,1844,,
Linex,1845,,
LP Express,1846,,
Moscow Cargo,1847,,
Mox Es,1848,,
myKN,1849,,
Nippon Cargo Airlines,1850,,
OrangeDS,1851,,
Overseas Logistics,1852,,
PallPost,1853,,
ParcelHub,1854,,
PasarEX,1855,,
Philippine Airlines Cargo,1856,,
Pidge,1857,,
Pigeon Express,1858,,
POS Indonesia,1859,,
Pretty Little Thing,1860,,
PRO Carrier,1861,,
Qatar Airways Cargo,1862,,
Rabee,1863,,
Route,1864,,
Saudia Airlines Cargo,1865,,
Sca Express,1866,,
Sendcloud,1867,,
Service Points,1868,,
SF International Small Packet,1869,,
Shercargo,1870,,
Ship Global,1871,,
ShipEntegra,1872,,
Shiprocket,1873,,
Shree Mahabali Express,1874,,
Sicepat Ekspres,1875,,
Smartr Logistics,1876,,
Sprinter,1877,,
TAP Air Portugal Cargo,1878,,
TForce Final Mile,1879,,
Thai Airways Cargo,1880,,
The Lorry,1881,,
Romwe,1882,,
Ship24,1883,,
Transrush,1884,,
UBX Express,1885,,
Unex,1886,,
United Airlines Air Cargo,1887,,
UPU,1888,,
Urvaam,1889,,
V-Xpress,1890,,
W Express Cargo,1891,,
XD EXPRESS,1892,,
Zip Philippines,1893,,
Shopee Express (Malaysia),1894,,
DPD Austria,1896,,
DPD Belgium,1897,,
DPD China,1898,,
DPD Croatia,1899,,
DPD Czech Republic,1900,,
DPD Estonia,1901,,
DPD Hungary,1902,,
DPD Latvia,1903,,
DPD Lithuania,1904,,
DPD Luxembourg,1905,,
DPD Netherlands,1906,,
DPD Slovakia,1907,,
DPD Slovenia,1908,,
DPD Switzerland,1909,,
DPD Taiwan,1910,,
Leopards Courier,1911,,
Swyft Logistics,1912,,
Sonic,1913,,
CallCourier,1914,,
Scotty,1915,,
KARGOMsende,1916,,
usps api (dummy) [NOT ENABLE,1917,,NOT DELETE!!]
SpeedX,1918,,
Sendeo,1919,,
Star Wish,1920,,
GLS United Kingdom,1921,,
GLS Hungary,1922,,
GLS Portugal,1923,,
GLS Slovakia,1924,,
GLS Croatia,1925,,
GLS Romania,1926,,
GLS Czech,1927,,
GLS Netherlands,1928,,
GLS Slovenia,1929,,
GLS Canada,1930,,
Speedmail,1931,,
X.R. Logistics (xinran),1932,,
ROZETKA Delivery,1933,,